Year,Station Number,City,Location,Type,Valid Hour,10th Percentile,30th Percentile,50th Percentile,70th Percentile,90th Percentile,99 Percentile,Mean,1-Hour Maximum,24-Hour  Maximum
2022,12008,Windsor Downtown,467 University Ave. W.,A,8743,2,4,6,9,15,28,7.83,55,26.2
2021,12008,Windsor Downtown,467 University Ave. W.,A,8730,2,5,7,10,16,29,8.34,54,22.9
2020,12008,Windsor Downtown,467 University Ave. W.,A,8722,2,4,6,8,13,23,7.05,42,28.5
2019,12008,Windsor Downtown,467 University Ave. W.,A,8488,3,4,6,9,15,28,7.8,48,26.6
2018,12008,Windsor Downtown,467 University Ave. W.,A,8495,3,5,7,10,16,29,8.5,55,28.5
2017,12008,Windsor Downtown,467 University Ave. W.,A,8705,3,5,6,9,15,26,7.8,44,30
2016,12008,Windsor Downtown,467 University Ave. W.,A,8750,2,4,7,10,15,26,8.1,64,21
2015,12008,Windsor Downtown,467 University Ave. W.,A,8738,3,5,7,11,18,33,9.3,64,37
2014,12008,Windsor Downtown,467 University Ave. W.,A,8624,4,6,9,12,19,31,10.1,71,29
2013,12008,Windsor Downtown,467 University Ave. W.,A,8419,4,6,8,11,17,29,9.2,43,29
2012,12008,Windsor Downtown,467 University Ave. W.,A,8652,1,4,6,9,15,24,7.4,81,22
2011,12008,Windsor Downtown,467 University Ave. W.,A,8546,1,4,6,9,16,29,7.6,42,30
2010,12008,Windsor Downtown,467 University Ave. W.,A,8635,1,3,6,10,18,29,7.7,73,24
2009,12008,Windsor Downtown,467 University Ave. W.,A,8620,1,4,6,9,15,27,7.2,71,27
2008,12008,Windsor Downtown,467 University Ave. W.,A,8583,2,4,7,10,17,33,8.3,67,34
2007,12008,Windsor Downtown,467 University Ave. W.,A,8659,1,4,7,11,22,39,9.5,64,36
2006,12008,Windsor Downtown,467 University Ave. W.,A,8632,1,4,6,10,18,33,8.2,53,37
2005,12008,Windsor Downtown,467 University Ave. W.,A,8665,1,4,8,12,24,44,10.4,72,48
2004,12008,Windsor Downtown,467 University Ave. W.,A,8597,0,3,6,11,19,37,8.6,54,39
2003,12008,Windsor Downtown,467 University Ave. W.,A,8480,0,3,6,10,19,42,8.5,64,43
2022,12016,Windsor West,College Ave./South St.,A,8705,3,6,8,10,16,29,8.95,47,31.1
2021,12016,Windsor West,College Ave./South St.,A,8527,3,6,8,12,18,32,9.57,53,27.5
2020,12016,Windsor West,College Ave./South St.,A,8375,2,5,8,11,16,27,8.77,68,31.9
2019,12016,Windsor West,College Ave./South St.,A,8620,3,5,8,11,17,32,9.1,54,38
2018,12016,Windsor West,College Ave./South St.,A,8641,2,5,7,11,17,30,8.7,48,31
2017,12016,Windsor West,College Ave./South St.,A,8639,3,5,7,10,16,29,8.5,48,32
2016,12016,Windsor West,College Ave./South St.,A,8748,3,5,7,10,16,27,8.5,106,24
2015,12016,Windsor West,College Ave./South St.,A,8619,3,5,8,12,20,34,9.9,68,42
2014,12016,Windsor West,College Ave./South St.,A,8726,4,6,9,13,20,34,10.7,84,31
2013,12016,Windsor West,College Ave./South St.,A,8322,3,6,9,12,18,31,10,58,32
2012,12016,Windsor West,College Ave./South St.,A,8580,1,4,6,10,16,26,7.6,63,22
2011,12016,Windsor West,College Ave./South St.,A,8503,1,4,6,10,16,30,7.8,57,31
2010,12016,Windsor West,College Ave./South St.,A,8594,1,3,6,10,18,29,7.8,73,25
2009,12016,Windsor West,College Ave./South St.,A,8658,1,4,6,9,15,27,7.4,82,27
2008,12016,Windsor West,College Ave./South St.,A,8668,2,4,7,11,18,34,8.9,71,38
2007,12016,Windsor West,College Ave./South St.,A,8676,2,5,8,12,21,38,9.8,177,36
2006,12016,Windsor West,College Ave./South St.,A,8693,2,4,7,11,19,35,9.2,52,39
2005,12016,Windsor West,College Ave./South St.,A,8643,1,4,8,12,24,42,10.5,74,52
2004,12016,Windsor West,College Ave./South St.,A,8757,1,4,7,12,21,39,9.5,56,38
2003,12016,Windsor West,College Ave./South St.,A,8605,2,4,7,11,20,41,9.6,64,41
2022,13001,Chatham,435 Grand Ave. W.,A,8424,2,3,5,8,14,27,6.74,67,24.8
2021,13001,Chatham,435 Grand Ave. W.,A,8613,1,3,6,9,14,26,7.08,43,22.8
2020,13001,Chatham,435 Grand Ave. W.,A,8699,2,3,5,8,13,25,6.66,39,21.8
2019,13001,Chatham,435 Grand Ave. W.,A,8718,2,3,5,9,14,24,6.8,41,26.6
2018,13001,Chatham,435 Grand Ave. W.,A,8710,1,3,5,8,14,24,6.8,69,21.2
2017,13001,Chatham,435 Grand Ave. W.,A,8667,1,3,5,8,13,22,6.4,34,21
2016,13001,Chatham,435 Grand Ave. W.,A,8588,2,4,6,8,13,21,6.6,36,20
2015,13001,Chatham,435 Grand Ave. W.,A,8460,2,4,7,10,16,26,8.1,43,26
2014,13001,Chatham,435 Grand Ave. W.,A,8562,3,5,7,10,16,28,8.6,51,34
2013,13001,Chatham,435 Grand Ave. W.,A,8611,3,5,7,10,15,24,8.1,38,23
2012,13001,Chatham,435 Grand Ave. W.,A,8604,0,3,5,8,13,23,6,46,20
2011,13001,Chatham,435 Grand Ave. W.,A,8680,1,3,5,8,14,27,6.6,63,30
2010,13001,Chatham,435 Grand Ave. W.,A,8700,1,2,5,8,15,26,6.5,58,25
2009,13001,Chatham,435 Grand Ave. W.,A,8647,1,3,5,8,13,24,6.3,39,28
2008,13001,Chatham,435 Grand Ave. W.,A,8699,1,3,6,9,16,32,7.3,47,32
2007,13001,Chatham,435 Grand Ave. W.,A,8655,1,3,5,9,18,36,7.9,61,36
2006,13001,Chatham,435 Grand Ave. W.,A,8261,1,3,5,9,17,32,7.4,59,33
2005,13001,Chatham,435 Grand Ave. W.,A,8246,1,3,6,10,22,42,9.1,67,43
2004,13021,Merlin,"Middle Rd., Moe Water Pump Stn.",A,8505,1,3,5,9,18,38,7.8,66,43
2014,14064,Sarnia,"Front St. N./CN Tracks, Centennial Park",A,8653,3,5,7,10,18,33,9,105,41
2013,14064,Sarnia,"Front St. N./CN Tracks, Centennial Park",A,8721,3,5,7,10,16,28,8.5,49,31
2012,14064,Sarnia,"Front St. N./CN Tracks, Centennial Park",A,8583,4,6,9,12,19,30,10.2,93,28
2011,14064,Sarnia,"Front St. N./CN Tracks, Centennial Park",A,8696,4,6,9,12,20,32,10.5,84,33
2010,14064,Sarnia,"Front St. N./CN Tracks, Centennial Park",A,8728,3,5,8,12,21,35,10.4,80,35
2009,14064,Sarnia,"Front St. N./CN Tracks, Centennial Park",A,8611,3,6,8,12,18,31,9.8,59,27
2008,14064,Sarnia,"Front St. N./CN Tracks, Centennial Park",A,8757,4,6,9,13,23,39,11.4,75,40
2007,14064,Sarnia,"Front St. N./CN Tracks, Centennial Park",A,8706,4,6,9,14,25,48,12.2,104,46
2006,14064,Sarnia,"Front St. N./CN Tracks, Centennial Park",A,8706,4,6,9,13,23,40,11.3,69,39
2005,14064,Sarnia,"Front St. N./CN Tracks, Centennial Park",A,8683,3,6,9,15,27,52,12.9,114,54
2004,14064,Sarnia,"Front St. N./CN Tracks, Centennial Park",A,8596,4,6,8,14,27,47,12.2,70,48
2003,14064,Sarnia,"Front St. N./CN Tracks, Centennial Park",A,8350,3,6,9,14,24,49,11.9,101,59
2022,14111,Sarnia,700 Christina St. N.,A,8665,1,3,5,9,16,27,7.09,55,26.7
2021,14111,Sarnia,700 Christina St. N.,A,8645,2,3,6,10,16,29,7.68,63,28.4
2020,14111,Sarnia,700 Christina St. N.,A,8757,2,3,6,9,15,26,7.08,74,23.1
2019,14111,Sarnia,700 Christina St. N.,A,8719,1,3,5,9,16,28,7.1,57,31.2
2018,14111,Sarnia,700 Christina St. N.,A,8738,2,3,6,9,15,27,7.4,49,31.1
2017,14111,Sarnia,700 Christina St. N.,A,8704,2,3,6,9,15,27,7,59,32
2022,15020,Grand Bend,Point Blake Conservation Area,A,8258,1,3,4,7,11,24,5.63,39,22.1
2021,15020,Grand Bend,Point Blake Conservation Area,A,8720,2,3,5,7,11,21,5.73,43,23
2020,15020,Grand Bend,Point Blake Conservation Area,A,8619,2,2,4,6,10,17,4.83,24,15.5
2019,15020,Grand Bend,Point Blake Conservation Area,A,8541,2,2,4,6,11,20,5.4,40,23.1
2018,15020,Grand Bend,Point Blake Conservation Area,A,8428,2,3,4,7,11,21,5.6,40,27.3
2017,15020,Grand Bend,Point Blake Conservation Area,A,8675,2,3,4,6,10,18,5.1,30,23
2016,15020,Grand Bend,Point Blake Conservation Area,A,8705,2,3,5,7,12,22,6,30,20
2015,15020,Grand Bend,Point Blake Conservation Area,A,8580,2,4,6,9,16,28,7.7,45,29
2014,15020,Grand Bend,Point Blake Conservation Area,A,8654,2,4,6,9,17,31,8.1,72,28
2013,15020,Grand Bend,Point Blake Conservation Area,A,8531,2,4,6,9,15,28,7.3,44,30
2012,15020,Grand Bend,Point Blake Conservation Area,A,8677,0,2,5,8,13,22,5.8,38,20
2011,15020,Grand Bend,Point Blake Conservation Area,A,8703,1,3,4,7,14,26,6.1,48,27
2010,15020,Grand Bend,Point Blake Conservation Area,A,8656,0,2,4,8,15,28,6.1,50,28
2009,15020,Grand Bend,Point Blake Conservation Area,A,8520,0,2,4,7,13,26,5.8,93,43
2008,15020,Grand Bend,Point Blake Conservation Area,A,8642,0,3,5,8,16,31,6.8,63,35
2007,15020,Grand Bend,Point Blake Conservation Area,A,8580,0,2,4,8,18,38,6.7,66,36
2006,15020,Grand Bend,Point Blake Conservation Area,A,8478,0,2,4,8,16,32,6.5,49,32
2005,15020,Grand Bend,Point Blake Conservation Area,A,8411,0,2,4,8,19,40,7.4,69,46
2004,15020,Grand Bend,Point Blake Conservation Area,A,8369,0,2,4,8,18,38,7,64,45
2012,15025,London,900 Highbury Ave. N.,A,8539,0,3,5,8,14,25,6.5,74,23
2011,15025,London,900 Highbury Ave. N.,A,8520,1,3,5,8,13,26,6.2,39,27
2010,15025,London,900 Highbury Ave. N.,A,7126,0,2,5,8,16,27,6.6,71,28
2009,15025,London,900 Highbury Ave. N.,A,8633,0,2,4,7,13,24,5.7,56,29
2008,15025,London,900 Highbury Ave. N.,A,8608,1,3,5,8,15,31,6.8,50,35
2007,15025,London,900 Highbury Ave. N.,A,8669,0,2,5,8,15,31,6.5,48,32
2006,15025,London,900 Highbury Ave. N.,A,8629,1,3,5,8,15,32,6.9,53,36
2005,15025,London,900 Highbury Ave. N.,A,8672,1,3,6,10,20,39,8.8,66,41
2004,15025,London,900 Highbury Ave. N.,A,8617,1,3,5,9,18,38,7.8,61,41
2003,15025,London,900 Highbury Ave. N.,A,7730,1,3,6,10,17,39,7.9,56,39
2022,15026,London,42 St. Julien St.,A,8622,2,4,6,8,13,25,7.07,55,28.8
2021,15026,London,42 St. Julien St.,A,8742,2,4,7,10,15,26,7.75,43,27
2020,15026,London,42 St. Julien St.,A,8693,2,4,5,8,13,22,6.54,49,28.4
2019,15026,London,42 St. Julien St.,A,8746,2,3,5,8,14,26,6.7,55,26.2
2018,15026,London,42 St. Julien St.,A,8586,2,4,6,9,14,25,7.3,40,27.4
2017,15026,London,42 St. Julien St.,A,8703,2,4,6,8,13,25,7,39,25
2016,15026,London,42 St. Julien St.,A,8648,2,4,6,9,13,25,7.1,40,23
2015,15026,London,42 St. Julien St.,A,8714,2,5,7,10,17,29,8.3,57,30
2014,15026,London,42 St. Julien St.,A,8581,3,5,7,10,16,34,8.8,58,30
2013,15026,London,42 St. Julien St.,A,8528,2,5,8,11,18,30,9.1,48,28
2022,16015,Port Stanley,"43665 Dexter Line, Elgin Water T. Plt",A,8704,2,3,5,8,14,26,6.83,60,26.5
2021,16015,Port Stanley,"43665 Dexter Line, Elgin Water T. Plt",A,8522,2,4,6,8,14,25,7.01,66,27.5
2020,16015,Port Stanley,"43665 Dexter Line, Elgin Water T. Plant",A,8586,2,3,5,8,13,24,6.5,49,22.3
2019,16015,Port Stanley,"43665 Dexter Line, Elgin Water T. Plant",A,8697,1,3,5,8,14,25,6.7,42,21.7
2018,16015,Port Stanley,"43665 Dexter Line, Elgin Water T. Plt",A,8590,1,3,5,8,14,25,6.8,44,30.3
2017,16015,Port Stanley,"43665 Dexter Line, Elgin Water T. Plant",A,8640,2,3,5,8,12,23,6.3,34,22
2016,16015,Port Stanley,"43665 Dexter Line, Elgin Water T. Plt",A,8620,2,4,5,8,12,21,6.5,41,17
2015,16015,Port Stanley,"43665 Dexter Line, Elgin Water T. Plt",A,8554,2,4,7,10,16,27,8,38,22
2014,16015,Port Stanley,"43665 Dexter Line, Elgin Water T. Plt",A,8182,2,5,7,10,16,29,8.2,48,34
2013,16015,Port Stanley,"43665 Dexter Line, Elgin Water T. Plt",A,8714,2,4,6,9,14,25,7.4,47,23
2012,16015,Port Stanley,"43665 Dexter Line, Elgin Water T. Plt",A,8550,1,3,5,7,12,23,5.9,74,24
2011,16015,Port Stanley,"43665 Dexter Line, Elgin Water T. Plt",A,8657,1,3,5,7,13,26,6,47,30
2010,16015,Port Stanley,"43665 Dexter Line, Elgin Water T. Plt",A,8629,0,2,4,7,14,27,5.9,39,28
2009,16015,Port Stanley,"43665 Dexter Line, Elgin Water T. Plt",A,8643,1,3,4,7,12,22,5.6,36,30
2008,16015,Port Stanley,"43665 Dexter Line, Elgin Water T. Plt",A,8705,1,3,5,8,14,29,6.7,47,29
2007,16015,Port Stanley,"43665 Dexter Line, Elgin Water T. Plt",A,8545,1,3,5,8,17,36,7.2,51,37
2006,16015,Port Stanley,"43665 Dexter Line, Elgin Water T. Plt",A,8545,1,3,5,8,17,35,7.3,48,34
2005,16015,Port Stanley,"43665 Dexter Line, Elgin Water T. Plt",A,8686,1,3,6,9,21,42,8.6,63,45
2004,16015,Port Stanley,"43665 Dexter Line, Elgin Water T. Plt",A,8619,1,3,5,8,17,38,7.5,55,38
2003,16015,Port Stanley,"43665 Dexter Line, Elgin Water T. Plt",A,8332,1,3,6,9,17,39,8,62,39
2022,18007,Tiverton,4th Concession/Bruce Rd. 23,A,8556,1,2,3,5,10,20,4.6,47,27.5
2021,18007,Tiverton,4th Concession/Bruce Rd. 23,A,8075,1,2,4,7,11,22,5.43,41,23.6
2020,18007,Tiverton,4th Concession/Bruce Rd. 23,A,8442,2,2,4,6,10,17,4.84,30,15.8
2019,18007,Tiverton,4th Concession/Bruce Rd. 23,A,8640,1,2,4,6,11,21,5,42,20.8
2018,18007,Tiverton,4th Concession/Bruce Rd. 23,A,8635,1,2,4,7,12,23,5.7,38,28.2
2017,18007,Tiverton,4th Concession/Bruce Rd. 23,A,8457,2,2,4,6,11,20,5.1,39,19
2016,18007,Tiverton,4th Concession/Bruce Rd. 23,A,8500,1,2,4,6,10,20,5.1,35,19
2015,18007,Tiverton,4th Concession/Bruce Rd. 23,A,8598,2,3,5,7,14,27,6.4,39,26
2014,18007,Tiverton,4th Concession/Bruce Rd. 23,A,8581,2,3,5,8,13,24,6.5,40,27
2013,18007,Tiverton,4th Concession/Bruce Rd. 23,A,7368,2,3,4,7,13,24,5.8,34,22
2011,18007,Tiverton,4th Concession/Bruce Rd. 23,A,8500,0,2,3,6,11,20,4.7,38,21
2010,18007,Tiverton,4th Concession/Bruce Rd. 23,A,8673,0,1,3,5,12,23,4.5,32,23
2009,18007,Tiverton,4th Concession/Bruce Rd. 23,A,8651,0,1,3,5,9,20,4,33,25
2008,18007,Tiverton,4th Concession/Bruce Rd. 23,A,8375,0,2,3,6,13,25,5,42,24
2007,18007,Tiverton,4th Concession/Bruce Rd. 23,A,8656,0,2,3,6,14,32,5.6,56,39
2006,18007,Tiverton,4th Concession/Bruce Rd. 23,A,8530,0,2,3,7,14,28,5.6,54,28
2005,18007,Tiverton,4th Concession/Bruce Rd. 23,A,8360,0,1,3,7,18,40,6.6,69,53
2004,18007,Tiverton,4th Concession/Bruce Rd. 23,A,8010,0,1,3,6,16,36,5.8,50,40
2003,18007,Tiverton,4th Concession/Bruce Rd. 23,A,8289,1,2,4,7,15,36,6.5,69,44
2022,21005,Brantford,324 Grand River Ave.,A,8647,2,4,6,8,14,26,7.08,48,22.5
2021,21005,Brantford,324 Grand River Ave.,A,8693,2,4,6,9,15,26,7.66,51,30
2020,21005,Brantford,324 Grand River Ave.,A,8690,2,4,6,8,13,23,6.74,50,26.3
2019,21005,Brantford,324 Grand River Ave.,A,8729,2,4,6,9,15,29,7.4,91,27.5
2018,21005,Brantford,324 Grand River Ave.,A,8662,2,4,6,9,15,28,7.7,46,27.2
2017,21005,Brantford,324 Grand River Ave.,A,8671,2,4,6,9,14,24,7.2,55,20
2016,21005,Brantford,324 Grand River Ave.,A,8738,2,4,6,9,14,25,7.3,96,22
2015,21005,Brantford,324 Grand River Ave.,A,8673,3,5,7,10,18,32,8.7,57,30
2014,21005,Brantford,324 Grand River Ave.,A,8688,3,5,7,10,18,34,9.2,60,29
2013,21005,Brantford,324 Grand River Ave.,A,8444,3,5,7,10,16,31,8.5,60,27
2012,21005,Brantford,324 Grand River Ave.,A,8711,1,3,5,8,13,25,6.2,101,24
2011,21005,Brantford,324 Grand River Ave.,A,8581,1,3,5,8,15,28,6.6,45,28
2010,21005,Brantford,324 Grand River Ave.,A,8602,0,2,5,8,16,30,6.5,56,27
2009,21005,Brantford,324 Grand River Ave.,A,8677,1,3,5,7,12,24,5.8,64,30
2008,21005,Brantford,324 Grand River Ave.,A,8658,1,3,5,8,15,30,6.8,46,34
2007,21005,Brantford,324 Grand River Ave.,A,8688,1,3,5,9,18,37,7.7,57,37
2006,21005,Brantford,324 Grand River Ave.,A,8710,1,3,5,9,17,34,7.6,54,33
2005,21005,Brantford,324 Grand River Ave.,A,8652,1,3,6,10,22,42,8.9,57,40
2004,21005,Brantford,324 Grand River Ave.,A,8703,1,3,5,9,17,39,7.5,65,45
2022,26060,Kitchener,West Ave./Homewood Ave.,A,8579,1,3,6,10,16,29,7.62,69,30.5
2021,26060,Kitchener,West Ave./Homewood Ave.,A,8535,1,3,6,10,17,32,7.84,57,35.8
2020,26060,Kitchener,West Ave./Homewood Ave.,A,8753,2,3,5,8,13,24,6.6,44,29.4
2019,26060,Kitchener,West Ave./Homewood Ave.,A,8725,2,3,6,8,15,28,7.2,56,30.9
2018,26060,Kitchener,West Ave./Homewood Ave.,A,8611,2,3,6,9,15,30,7.4,45,32.8
2017,26060,Kitchener,West Ave./Homewood Ave.,A,8622,1,3,5,8,14,28,7,42,23
2016,26060,Kitchener,West Ave./Homewood Ave.,A,8514,2,4,6,9,14,26,7.3,41,23
2015,26060,Kitchener,West Ave./Homewood Ave.,A,8505,2,4,7,10,19,35,8.8,68,36
2014,26060,Kitchener,West Ave./Homewood Ave.,A,8488,3,5,7,11,18,36,9.3,64,32
2013,26060,Kitchener,West Ave./Homewood Ave.,A,8561,2,4,7,10,17,32,8.7,61,37
2012,26060,Kitchener,West Ave./Homewood Ave.,A,8540,1,3,5,7,13,24,6,46,24
2011,26060,Kitchener,West Ave./Homewood Ave.,A,8641,1,3,5,8,14,26,6.2,52,25
2010,26060,Kitchener,West Ave./Homewood Ave.,A,8632,0,2,4,8,15,29,6.3,51,29
2009,26060,Kitchener,West Ave./Homewood Ave.,A,8622,0,2,4,7,13,25,5.8,50,33
2008,26060,Kitchener,West Ave./Homewood Ave.,A,8653,1,3,5,8,16,33,7.1,54,37
2007,26060,Kitchener,West Ave./Homewood Ave.,A,8683,1,3,6,9,18,41,8,62,41
2006,26060,Kitchener,West Ave./Homewood Ave.,A,8672,1,3,6,9,18,33,7.7,52,35
2005,26060,Kitchener,West Ave./Homewood Ave.,A,8671,1,3,6,11,24,47,9.5,73,48
2004,26060,Kitchener,West Ave./Homewood Ave.,A,8654,1,3,5,9,19,41,8.1,64,41
2003,26060,Kitchener,West Ave./Homewood Ave.,A,7797,1,3,6,9,18,41,8.1,65,47
2022,27067,St. Catharines,"Argyle Cres., Pump Stn.",A,8695,1,3,4,6,11,22,5.41,32,21.8
2021,27067,St. Catharines,"Argyle Cres., Pump Stn.",A,8552,2,3,5,8,13,24,6.49,46,25.5
2020,27067,St. Catharines,"Argyle Cres., Pump Stn.",A,8685,2,4,5,8,12,22,6.34,44,21.8
2019,27067,St. Catharines,"Argyle Cres., Pump Stn.",A,8625,2,4,5,8,14,26,7,50,25.5
2018,27067,St. Catharines,"Argyle Cres., Pump Stn.",A,8671,2,3,6,8,14,26,7,56,29.2
2017,27067,St. Catharines,"Argyle Cres., Pump Stn.",A,8509,2,4,6,8,13,25,7,51,28
2016,27067,St. Catharines,"Argyle Cres., Pump Stn.",A,8051,2,4,6,8,13,24,6.9,38,23
2015,27067,St. Catharines,"Argyle Cres., Pump Stn.",A,8642,3,5,7,10,17,29,8.4,46,29
2014,27067,St. Catharines,"Argyle Cres., Pump Stn.",A,8681,3,5,7,10,16,29,8.8,65,29
2013,27067,St. Catharines,"Argyle Cres., Pump Stn.",A,8304,3,5,7,10,16,27,8.5,54,27
2012,27067,St. Catharines,"Argyle Cres., Pump Stn.",A,8642,1,3,5,8,13,22,6.3,64,19
2011,27067,St. Catharines,"Argyle Cres., Pump Stn.",A,8684,1,3,5,8,13,24,6.3,37,23
2010,27067,St. Catharines,"Argyle Cres., Pump Stn.",A,8635,0,2,5,8,15,29,6.5,43,26
2009,27067,St. Catharines,"Argyle Cres., Pump Stn.",A,8654,1,3,5,8,13,22,6,38,31
2008,27067,St. Catharines,"Argyle Cres., Pump Stn.",A,8687,1,3,6,9,16,30,7.4,57,34
2007,27067,St. Catharines,"Argyle Cres., Pump Stn.",A,8638,1,3,6,9,19,39,8.2,59,38
2006,27067,St. Catharines,"Argyle Cres., Pump Stn.",A,8666,1,3,6,9,18,37,7.9,60,39
2005,27067,St. Catharines,"Argyle Cres., Pump Stn.",A,8688,0,3,6,10,22,41,8.6,68,44
2004,27067,St. Catharines,"Argyle Cres., Pump Stn.",A,8762,0,2,5,9,17,36,7.3,54,42
2003,27067,St. Catharines,"Argyle Cres., Pump Stn.",A,8611,1,3,6,9,17,35,7.8,59,42
2022,28028,Guelph,Exhibition St./Clark St. W.,A,8487,2,4,6,8,13,24,6.88,38,25.7
2021,28028,Guelph,Exhibition St./Clark St. W.,A,8669,2,3,6,9,16,30,7.67,69,34.5
2020,28028,Guelph,Exhibition St./Clark St. W.,A,8702,1,3,5,9,15,27,6.93,56,31
2019,28028,Guelph,Exhibition St./Clark St. W.,A,8723,1,3,5,9,16,29,7.1,55,28.7
2018,28028,Guelph,Exhibition St./Clark St. W.,A,8539,1,3,6,9,16,29,7.4,56,31.5
2017,28028,Guelph,Exhibition St./Clark St. W.,A,8694,2,3,5,8,14,23,6.8,37,24
2016,28028,Guelph,Exhibition St./Clark St. W.,A,8642,2,4,6,8,13,26,6.9,40,25
2015,28028,Guelph,Exhibition St./Clark St. W.,A,8549,2,4,6,9,17,34,8.4,76,37
2014,28028,Guelph,Exhibition St./Clark St. W.,A,8572,3,5,7,10,17,37,8.9,64,37
2013,28028,Guelph,Exhibition St./Clark St. W.,A,8527,2,4,6,9,16,32,8.1,53,34
2012,28028,Guelph,Exhibition St./Clark St. W.,A,8661,1,3,5,7,13,23,5.8,48,21
2011,28028,Guelph,Exhibition St./Clark St. W.,A,8651,0,2,4,7,13,25,5.9,42,28
2010,28028,Guelph,Exhibition St./Clark St. W.,A,8585,0,2,4,7,14,28,5.7,40,28
2009,28028,Guelph,Exhibition St./Clark St. W.,A,8633,0,2,4,7,12,23,5.6,42,32
2008,28028,Guelph,Exhibition St./Clark St. W.,A,8699,1,3,5,8,15,30,6.5,47,36
2007,28028,Guelph,Exhibition St./Clark St. W.,A,8708,1,3,5,8,17,39,7.5,74,42
2006,28028,Guelph,Exhibition St./Clark St. W.,A,8715,0,2,5,8,16,33,7,52,32
2005,28028,Guelph,Exhibition St./Clark St. W.,A,8630,1,3,6,10,22,44,8.8,66,46
2004,28028,Guelph,Exhibition St./Clark St. W.,A,8623,1,3,5,9,18,40,7.8,58,40
2003,28028,Guelph,Exhibition St./Clark St. W.,A,7578,1,3,5,8,15,34,7.3,62,43
2022,29000,Hamilton Downtown,Elgin St./Kelly St.,A,8645,2,4,7,11,18,33,8.64,90,34.8
2021,29000,Hamilton Downtown,Elgin St./Kelly St.,A,8589,2,4,7,11,18,32,8.89,86,34.4
2020,29000,Hamilton Downtown,Elgin St./Kelly St.,A,8748,2,4,7,10,16,29,8.08,51,33
2019,29000,Hamilton Downtown,Elgin St./Kelly St.,A,8646,2,5,7,11,18,30,8.8,67,29.3
2018,29000,Hamilton Downtown,Elgin St./Kelly St.,A,8630,2,4,7,11,18,34,9.2,67,31
2017,29000,Hamilton Downtown,Elgin St./Kelly St.,A,8673,2,4,7,11,17,28,8.5,47,27
2016,29000,Hamilton Downtown,Elgin St./Kelly St.,A,8740,2,4,7,10,16,30,8.2,47,29
2015,29000,Hamilton Downtown,Elgin St./Kelly St.,A,8728,3,5,8,12,21,37,10.2,66,35
2014,29000,Hamilton Downtown,Elgin St./Kelly St.,A,8718,3,6,9,13,21,38,10.8,78,45
2013,29000,Hamilton Downtown,Elgin St./Kelly St.,A,8580,3,5,8,12,20,39,10.1,74,43
2012,29000,Hamilton Downtown,Elgin St./Kelly St.,A,8617,1,4,6,10,18,37,8.3,111,33
2011,29000,Hamilton Downtown,Elgin St./Kelly St.,A,8446,1,4,6,10,18,35,8.1,65,37
2010,29000,Hamilton Downtown,Elgin St./Kelly St.,A,8608,1,3,5,9,18,33,7.7,64,33
2009,29000,Hamilton Downtown,Elgin St./Kelly St.,A,8570,1,3,5,8,14,26,6.8,43,31
2008,29000,Hamilton Downtown,Elgin St./Kelly St.,A,8729,1,4,6,10,18,36,8.3,102,35
2007,29000,Hamilton Downtown,Elgin St./Kelly St.,A,8725,1,4,6,10,20,41,8.9,71,45
2006,29000,Hamilton Downtown,Elgin St./Kelly St.,A,8622,1,4,6,11,20,39,9.1,82,42
2005,29000,Hamilton Downtown,Elgin St./Kelly St.,A,8610,1,4,7,11,24,45,10,72,44
2004,29000,Hamilton Downtown,Elgin St./Kelly St.,A,8729,1,3,6,10,21,43,8.9,108,44
2003,29000,Hamilton Downtown,Elgin St./Kelly St.,A,8662,2,5,8,12,23,44,10.6,66,46
2018,29114,Hamilton Mountain,Vickers Rd./E. 18th St.,A,8629,2,4,6,9,15,28,7.7,50,26.2
2017,29114,Hamilton Mountain,Vickers Rd./E. 18th St.,A,8727,2,4,6,9,14,27,7.4,51,25
2016,29114,Hamilton Mountain,Vickers Rd./E. 18th St.,A,8755,2,4,6,9,14,26,7.2,48,25
2015,29114,Hamilton Mountain,Vickers Rd./E. 18th St.,A,8617,3,5,7,10,18,35,9,79,31
2014,29114,Hamilton Mountain,Vickers Rd./E. 18th St.,A,8704,3,5,8,11,19,35,9.4,61,32
2013,29114,Hamilton Mountain,Vickers Rd./E. 18th St.,A,8305,2,5,7,11,18,37,9.2,83,42
2012,29114,Hamilton Mountain,Vickers Rd./E. 18th St.,A,8695,1,3,5,8,14,28,6.5,115,31
2011,29114,Hamilton Mountain,Vickers Rd./E. 18th St.,A,8640,1,3,5,8,15,29,6.7,84,29
2010,29114,Hamilton Mountain,Vickers Rd./E. 18th St.,A,8688,0,2,4,7,15,29,6.2,53,27
2009,29114,Hamilton Mountain,Vickers Rd./E. 18th St.,A,8702,1,3,5,8,13,25,6.3,62,31
2008,29114,Hamilton Mountain,Vickers Rd./E. 18th St.,A,8729,1,3,5,8,16,34,7.3,63,41
2007,29114,Hamilton Mountain,Vickers Rd./E. 18th St.,A,8691,1,3,5,9,18,39,7.8,74,40
2006,29114,Hamilton Mountain,Vickers Rd./E. 18th St.,A,8679,1,3,6,9,19,39,8.1,72,39
2005,29114,Hamilton Mountain,Vickers Rd./E. 18th St.,A,8639,1,4,7,11,23,46,9.8,70,47
2004,29114,Hamilton Mountain,Vickers Rd./E. 18th St.,A,8643,1,4,6,11,22,43,9.3,68,45
2003,29114,Hamilton Mountain,Vickers Rd./E. 18th St.,A,8461,2,4,7,11,21,44,9.6,72,49
2022,29118,Hamilton West,Main St. W./Hwy 403,A,8715,2,4,6,9,14,27,7.37,83,29.9
2021,29118,Hamilton West,Main St. W./Hwy 403,A,8624,2,4,6,9,16,30,7.99,63,32.7
2020,29118,Hamilton West,Main St. W./Hwy 403,A,8626,2,4,7,9,15,28,7.76,50,31.4
2019,29118,Hamilton West,Main St. W./Hwy 403,A,8726,2,4,6,9,16,28,7.8,50,26.3
2018,29118,Hamilton West,Main St. W./Hwy 403,A,8676,3,4,7,10,16,28,8.2,54,29.3
2017,29118,Hamilton West,Main St. W./Hwy 403,A,8674,2,4,6,9,15,26,7.5,48,25
2016,29118,Hamilton West,Main St. W./Hwy 403,A,8730,2,4,7,9,15,29,7.9,42,28
2015,29118,Hamilton West,Main St. W./Hwy 403,A,8658,3,5,7,11,20,35,9.9,54,31
2014,29118,Hamilton West,Main St. W./Hwy 403,A,8732,3,5,8,11,19,37,9.9,86,46
2013,29118,Hamilton West,Main St. W./Hwy 403,A,8477,3,5,7,12,19,37,9.6,82,40
2012,29118,Hamilton West,Main St. W./Hwy 403,A,8612,1,3,6,9,16,32,7.3,76,28
2011,29118,Hamilton West,Main St. W./Hwy 403,A,8680,1,3,5,8,16,30,7.1,60,28
2010,29118,Hamilton West,Main St. W./Hwy 403,A,8562,0,2,5,8,16,30,6.8,58,30
2009,29118,Hamilton West,Main St. W./Hwy 403,A,8638,1,3,5,8,13,24,6.1,43,31
2008,29118,Hamilton West,Main St. W./Hwy 403,A,8696,1,3,6,9,17,33,7.6,65,33
2007,29118,Hamilton West,Main St. W./Hwy 403,A,8690,1,3,6,10,19,39,8.3,73,42
2006,29118,Hamilton West,Main St. W./Hwy 403,A,8696,1,3,6,10,19,38,8.2,73,39
2005,29118,Hamilton West,Main St. W./Hwy 403,A,8689,1,4,7,11,23,42,9.6,85,40
2004,29118,Hamilton West,Main St. W./Hwy 403,A,8707,1,3,6,10,19,40,8.4,82,42
2022,29214,Hamilton Mountain,250 Fennell Ave. W.,A,8567,2,4,6,9,16,30,7.79,88,35.3
2021,29214,Hamilton Mountain,250 Fennell Ave. W.,A,8672,2,4,7,10,16,29,8.02,62,30.2
2020,29214,Hamilton Mountain,250 Fennell Ave. W.,A,8743,2,4,6,9,14,25,7.06,47,25.5
2019,29214,Hamilton Mountain,250 Fennell Ave. W.,A,8678,2,4,6,9,16,31,7.9,61,27.6
2018,31103,Toronto Downtown,Bay St./Wellesley St. W.,A,8633,2,4,7,10,15,29,7.9,45,33.8
2017,31103,Toronto Downtown,Bay St./Wellesley St. W.,A,8644,2,4,6,9,14,26,7.4,82,28
2016,31103,Toronto Downtown,Bay St./Wellesley St. W.,A,8646,2,4,6,8,13,23,7,36,22
2015,31103,Toronto Downtown,Bay St./Wellesley St. W.,A,8737,3,5,7,9,17,31,8.4,54,34
2014,31103,Toronto Downtown,Bay St./Wellesley St. W.,A,8720,3,5,7,10,17,31,8.7,52,33
2013,31103,Toronto Downtown,Bay St./Wellesley St. W.,A,8500,2,4,7,10,16,30,8.3,75,33
2012,31103,Toronto Downtown,Bay St./Wellesley St. W.,A,8627,0,3,5,8,14,25,6.4,45,26
2011,31103,Toronto Downtown,Bay St./Wellesley St. W.,A,8641,0,3,5,8,14,24,6.2,45,21
2010,31103,Toronto Downtown,Bay St./Wellesley St. W.,A,8653,0,2,4,7,14,28,6,44,29
2009,31103,Toronto Downtown,Bay St./Wellesley St. W.,A,8709,1,2,4,7,12,23,5.6,44,35
2008,31103,Toronto Downtown,Bay St./Wellesley St. W.,A,8740,1,3,5,8,15,29,6.6,43,35
2007,31103,Toronto Downtown,Bay St./Wellesley St. W.,A,8715,1,3,5,8,17,38,7.3,51,41
2006,31103,Toronto Downtown,Bay St./Wellesley St. W.,A,8716,1,3,5,8,16,35,7.3,52,35
2005,31103,Toronto Downtown,Bay St./Wellesley St. W.,A,8662,1,3,5,9,21,45,8.5,65,43
2004,31103,Toronto Downtown,Bay St./Wellesley St. W.,A,8752,0,2,4,8,17,38,7.1,56,37
2003,31103,Toronto Downtown,Bay St./Wellesley St. W.,A,8666,1,3,6,10,18,42,8.4,65,48
2022,31129,Toronto Downtown,55 John St.,A,8729,2,5,7,9,15,29,7.92,50,30.6
2021,31129,Toronto Downtown,55 John St.,A,8699,3,5,7,10,16,32,8.35,170,58.7
2020,31129,Toronto Downtown,55 John St.,A,8627,3,5,6,9,14,27,7.62,47,28.9
2022,33003,Toronto East,Kennedy Rd./Lawrence Ave. E.,A,8686,1,4,6,8,13,26,6.75,83,30
2021,33003,Toronto East,Kennedy Rd./Lawrence Ave. E.,A,8674,2,4,6,9,14,30,7.41,70,35.1
2020,33003,Toronto East,Kennedy Rd./Lawrence Ave. E.,A,8721,1,3,5,8,14,26,6.65,51,26.5
2019,33003,Toronto East,Kennedy Rd./Lawrence Ave. E.,A,8748,2,4,6,8,14,26,7,51,30.6
2018,33003,Toronto East,Kennedy Rd./Lawrence Ave. E.,A,8700,2,4,6,8,14,27,7.2,39,31.5
2017,33003,Toronto East,Kennedy Rd./Lawrence Ave. E.,A,8716,2,4,6,9,14,25,7.4,40,27
2016,33003,Toronto East,Kennedy Rd./Lawrence Ave. E.,A,8583,3,4,6,8,13,25,7,54,27
2015,33003,Toronto East,Kennedy Rd./Lawrence Ave. E.,A,8712,3,4,6,10,17,33,8.5,60,39
2014,33003,Toronto East,Kennedy Rd./Lawrence Ave. E.,A,8687,3,5,7,10,17,34,8.9,60,33
2013,33003,Toronto East,Kennedy Rd./Lawrence Ave. E.,A,8699,3,4,6,9,16,34,8.2,64,33
2012,33003,Toronto East,Kennedy Rd./Lawrence Ave. E.,A,8622,0,3,5,8,14,24,6.3,70,21
2011,33003,Toronto East,Kennedy Rd./Lawrence Ave. E.,A,8642,1,3,5,8,14,24,6.2,37,21
2010,33003,Toronto East,Kennedy Rd./Lawrence Ave. E.,A,8654,1,3,5,8,15,31,6.7,63,32
2009,33003,Toronto East,Kennedy Rd./Lawrence Ave. E.,A,8683,1,3,4,7,12,24,5.9,55,36
2008,33003,Toronto East,Kennedy Rd./Lawrence Ave. E.,A,8687,1,3,5,8,15,28,6.7,51,34
2007,33003,Toronto East,Kennedy Rd./Lawrence Ave. E.,A,8711,1,3,5,9,17,41,7.8,95,41
2006,33003,Toronto East,Kennedy Rd./Lawrence Ave. E.,A,8718,1,3,5,9,17,36,7.6,62,37
2005,33003,Toronto East,Kennedy Rd./Lawrence Ave. E.,A,8692,1,3,5,9,21,45,8.4,64,44
2004,33003,Toronto East,Kennedy Rd./Lawrence Ave. E.,A,8702,1,3,5,8,18,39,7.4,55,37
2003,33003,Toronto East,Kennedy Rd./Lawrence Ave. E.,A,8611,2,4,6,10,19,42,8.8,69,49
2016,34020,Toronto North,Hendon Ave./Yonge St.,A,8612,2,4,6,9,14,26,7.3,46,26
2015,34020,Toronto North,Hendon Ave./Yonge St.,A,8733,3,5,7,11,18,33,9.4,54,37
2014,34020,Toronto North,Hendon Ave./Yonge St.,A,8609,3,5,7,11,17,34,9.2,58,33
2013,34020,Toronto North,Hendon Ave./Yonge St.,A,8703,2,5,7,10,16,33,8.3,54,32
2012,34020,Toronto North,Hendon Ave./Yonge St.,A,8683,1,3,6,9,16,27,7.3,43,24
2011,34020,Toronto North,Hendon Ave./Yonge St.,A,8566,1,3,6,10,17,31,7.7,47,30
2010,34020,Toronto North,Hendon Ave./Yonge St.,A,8701,0,2,4,8,14,28,6.2,38,28
2009,34020,Toronto North,Hendon Ave./Yonge St.,A,7490,1,3,4,7,13,23,5.9,43,36
2008,34020,Toronto North,Hendon Ave./Yonge St.,A,8669,1,3,5,9,16,31,7.3,54,35
2007,34020,Toronto North,Hendon Ave./Yonge St.,A,8582,1,3,5,9,18,42,7.8,60,40
2006,34020,Toronto North,Hendon Ave./Yonge St.,A,8619,1,3,5,9,17,35,7.6,52,36
2005,34020,Toronto North,Hendon Ave./Yonge St.,A,8669,0,3,6,10,24,51,9.4,65,51
2004,34020,Toronto North,Hendon Ave./Yonge St.,A,8695,0,2,5,9,19,43,7.7,69,43
2003,34020,Toronto North,Hendon Ave./Yonge St.,A,8565,1,3,6,10,18,41,8.3,67,46
2022,34021,Toronto North,"4905 Dufferin St., Eccc",A,8656,2,4,6,8,13,26,6.79,50,33
2021,34021,Toronto North,"4905 Dufferin St., ECCC",A,8611,2,4,6,9,14,31,7.37,69,30.2
2020,34021,Toronto North,"4905 Dufferin St., ECCC",A,8689,1,3,5,8,13,26,6.41,52,27.1
2019,34021,Toronto North,"4905 Dufferin St., ECCC",A,8626,1,3,5,8,14,28,6.8,52,32.1
2018,34021,Toronto North,"4905 Dufferin St., ECCC",A,8572,2,4,6,9,15,29,7.6,62,34
2017,34021,Toronto North,4905 Dufferin St.,A,8726,2,4,6,9,15,26,7.4,58,27
2006,35003,Etobicoke West,"Elmcrest Rd., Centennial Park",A,8637,1,3,6,10,18,36,8.3,56,34
2005,35003,Etobicoke West,"Elmcrest Rd., Centennial Park",A,8699,1,3,6,10,22,44,9.1,64,43
2004,35003,Etobicoke West,"Elmcrest Rd., Centennial Park",A,8619,1,3,5,9,18,40,8,66,43
2022,35125,Toronto West,125 Resources Rd.,A,8670,2,4,6,8,13,24,6.9,58,28.4
2021,35125,Toronto West,125 Resources Rd.,A,8651,2,4,6,9,14,31,7.66,93,43.2
2020,35125,Toronto West,125 Resources Rd.,A,8675,2,4,6,8,13,24,6.88,53,28.5
2019,35125,Toronto West,125 Resources Rd.,A,8688,2,4,6,8,14,25,7.2,72,24.9
2018,35125,Toronto West,125 Resources Rd.,A,8731,2,4,6,9,15,27,7.7,55,29.4
2017,35125,Toronto West,125 Resources Rd.,A,8713,2,4,6,9,14,26,7.4,47,25
2016,35125,Toronto West,125 Resources Rd.,A,8708,2,4,6,8,13,25,7,43,24
2015,35125,Toronto West,125 Resources Rd.,A,8602,3,5,7,10,17,32,8.5,58,33
2014,35125,Toronto West,125 Resources Rd.,A,8685,3,5,7,10,17,35,9.1,65,35
2013,35125,Toronto West,125 Resources Rd.,A,8442,3,5,7,10,18,33,8.8,75,34
2012,35125,Toronto West,125 Resources Rd.,A,8595,1,3,6,9,15,26,7.1,45,23
2011,35125,Toronto West,125 Resources Rd.,A,8610,1,3,5,9,15,26,6.9,45,24
2010,35125,Toronto West,125 Resources Rd.,A,8671,1,3,5,8,15,27,6.5,46,26
2009,35125,Toronto West,125 Resources Rd.,A,8682,1,3,5,7,13,23,6.1,45,34
2008,35125,Toronto West,125 Resources Rd.,A,8719,1,4,6,9,16,30,7.5,45,34
2007,35125,Toronto West,125 Resources Rd.,A,8653,2,4,6,10,18,40,8.4,78,41
2006,35125,Toronto West,125 Resources Rd.,A,8541,1,3,6,10,18,35,8.2,53,35
2005,35125,Toronto West,125 Resources Rd.,A,8524,2,4,7,11,24,46,10,68,49
2004,35125,Toronto West,125 Resources Rd.,A,8329,2,5,7,11,21,43,9.8,63,41
2003,35125,Toronto West,125 Resources Rd.,A,8539,3,5,7,11,20,41,9.8,78,51
2022,44008,Burlington,North Shore Blvd. E./Lakeshore Rd.,A,8572,2,4,6,8,13,24,6.7,39,26.6
2021,44008,Burlington,North Shore Blvd. E./Lakeshore Rd.,A,8751,2,3,6,9,14,29,7.16,60,26.6
2020,44008,Burlington,North Shore Blvd. E./Lakeshore Rd.,A,8762,2,3,5,8,13,23,6.39,46,24.5
2019,44008,Burlington,North Shore Blvd. E./Lakeshore Rd.,A,8730,2,3,6,8,15,25,7,55,28.8
2018,44008,Burlington,North Shore Blvd. E./Lakeshore Rd.,A,8679,2,4,6,9,15,27,7.2,47,29.6
2017,44008,Burlington,North Shore Blvd. E./Lakeshore Rd.,A,8732,2,4,6,8,14,24,7,57,38
2016,44008,Burlington,North Shore Blvd. E./Lakeshore Rd.,A,8753,2,4,6,9,15,27,7.6,45,27
2015,44008,Burlington,North Shore Blvd. E./Lakeshore Rd.,A,8700,3,5,7,11,20,35,9.4,56,34
2014,44008,Burlington,North Shore Blvd. E./Lakeshore Rd.,A,8704,3,5,8,11,18,35,9.6,64,42
2013,44008,Burlington,North Shore Blvd. E./Lakeshore Rd.,A,8676,2,5,7,10,17,33,8.7,63,36
2012,44008,Burlington,North Shore Blvd. E./Lakeshore Rd.,A,8445,1,3,5,8,14,24,6.4,68,28
2011,44008,Burlington,North Shore Blvd. E./Lakeshore Rd.,A,8603,1,3,5,8,14,24,6.2,42,23
2010,44008,Burlington,North Shore Blvd. E./Lakeshore Rd.,A,8656,0,2,4,7,15,29,6.2,46,28
2009,44008,Burlington,North Shore Blvd. E./Lakeshore Rd.,A,8653,1,3,5,7,12,24,5.9,46,35
2008,44008,Burlington,North Shore Blvd. E./Lakeshore Rd.,A,8677,1,3,5,8,16,29,6.9,42,35
2007,44008,Burlington,North Shore Blvd. E./Lakeshore Rd.,A,8679,1,3,5,8,17,38,7.3,73,38
2006,44008,Burlington,North Shore Blvd. E./Lakeshore Rd.,A,8729,1,3,5,9,17,35,7.6,59,49
2005,44008,Burlington,North Shore Blvd. E./Lakeshore Rd.,A,8665,1,3,6,10,22,42,9.1,58,43
2004,44008,Burlington,North Shore Blvd. E./Lakeshore Rd.,A,8727,1,3,5,9,18,41,7.9,59,45
2003,44008,Burlington,North Shore Blvd. E./Lakeshore Rd.,A,8665,1,4,6,10,18,40,8.6,62,48
2022,44017,Oakville,"Eighth Line/Glenashton Dr., Halton Res.",A,8624,2,4,6,8,13,25,6.81,50,24.8
2021,44017,Oakville,"Eighth Line/Glenashton Dr., Halton Res.",A,8718,2,4,6,8,14,27,7.13,76,33.9
2020,44017,Oakville,"Eighth Line/Glenashton Dr., Halton Res.",A,8672,2,4,5,7,12,23,6.31,47,25.1
2019,44017,Oakville,"Eighth Line/Glenashton Dr., Halton Res.",A,8621,2,4,6,9,14,26,7.2,52,27.6
2018,44017,Oakville,"Eighth Line/Glenashton Dr., Halton Res.",A,8716,2,3,6,9,15,27,7.4,44,26.8
2017,44017,Oakville,"Eighth Line/Glenashton Dr., Halton Res.",A,8687,2,3,5,8,14,25,6.9,40,24
2016,44017,Oakville,"Eighth Line/Glenashton Dr., Halton Res.",A,8723,2,4,6,8,13,26,7,42,24
2015,44017,Oakville,"Eighth Line/Glenashton Dr., Halton Res.",A,8302,2,4,6,9,17,32,8.3,55,34
2014,44017,Oakville,"Eighth Line/Glenashton Dr., Halton Res.",A,8727,3,5,7,10,16,32,8.5,69,36
2013,44017,Oakville,"Eighth Line/Glenashton Dr., Halton Res.",A,8631,2,4,6,10,16,30,8,59,34
2012,44017,Oakville,"Eighth Line/Glenashton Dr., Halton Res.",A,8639,1,3,5,8,13,23,6.1,42,20
2011,44017,Oakville,"Eighth Line/Glenashton Dr., Halton Res.",A,8511,1,3,5,8,14,25,6.4,46,25
2010,44017,Oakville,"Eighth Line/Glenashton Dr., Halton Res.",A,8657,0,2,4,7,13,27,5.7,43,25
2009,44017,Oakville,"Eighth Line/Glenashton Dr., Halton Res.",A,8662,0,2,4,7,11,22,5.3,44,33
2008,44017,Oakville,"Eighth Line/Glenashton Dr., Halton Res.",A,8433,1,3,5,8,15,28,6.7,42,34
2007,44017,Oakville,"Eighth Line/Glenashton Dr., Halton Res.",A,8655,1,3,5,9,17,38,7.6,68,42
2006,44017,Oakville,"Eighth Line/Glenashton Dr., Halton Res.",A,8601,1,3,5,9,17,34,7.4,58,36
2005,44017,Oakville,"Eighth Line/Glenashton Dr., Halton Res.",A,8600,1,3,6,10,21,43,8.9,55,42
2004,44017,Oakville,"Eighth Line/Glenashton Dr., Halton Res.",A,8758,1,3,5,9,18,42,8.1,69,41
2022,44029,Milton,1120 Main St. E.,A,8684,2,4,6,8,14,26,6.99,50,27.6
2021,44029,Milton,1120 Main St. E.,A,8678,2,4,6,9,15,30,7.61,89,29.3
2020,44029,Milton,1120 Main St. E.,A,8504,2,4,6,8,14,27,7.08,48,31.7
2019,44029,Milton,1120 Main St. E.,A,8530,2,4,6,9,15,27,7.5,44,27
2004,45025,Oshawa,Ritson Rd. Public School,A,8589,1,3,5,9,18,41,7.9,63,43
2003,45025,Oshawa,Ritson Rd. Public School,A,8492,1,3,6,9,17,40,7.8,60,46
2017,45026,Oshawa,"2000 Simcoe St. N., Durham College",A,8697,1,3,5,7,12,22,5.9,49,23
2016,45026,Oshawa,"2000 Simcoe St. N., Durham College",A,8645,1,3,5,7,12,23,5.9,70,22
2015,45026,Oshawa,"2000 Simcoe St. N., Durham College",A,8618,2,4,6,9,16,29,7.5,50,26
2014,45026,Oshawa,"2000 Simcoe St. N., Durham College",A,8676,2,4,6,9,15,28,7.7,47,27
2013,45026,Oshawa,"2000 Simcoe St. N., Durham College",A,8645,2,4,6,8,14,31,7.4,77,41
2012,45026,Oshawa,"2000 Simcoe St. N., Durham College",A,8412,0,2,4,7,12,21,5.5,38,21
2011,45026,Oshawa,"2000 Simcoe St. N., Durham College",A,8560,0,2,4,7,12,23,5.5,38,22
2010,45026,Oshawa,"2000 Simcoe St. N., Durham College",A,8660,0,2,4,7,14,29,5.6,44,30
2009,45026,Oshawa,"2000 Simcoe St. N., Durham College",A,8663,1,2,4,6,11,22,5.2,40,33
2008,45026,Oshawa,"2000 Simcoe St. N., Durham College",A,8693,1,3,4,7,15,27,6.3,45,31
2007,45026,Oshawa,"2000 Simcoe St. N., Durham College",A,8659,1,2,4,7,16,39,6.8,53,38
2006,45026,Oshawa,"2000 Simcoe St. N., Durham College",A,8632,1,3,5,8,15,36,6.8,57,38
2005,45026,Oshawa,"2000 Simcoe St. N., Durham College",A,8576,1,3,5,9,20,44,8.1,57,44
2022,45027,Oshawa,"Brittania Ave. W., Ep Taylor Stables",A,8671,2,3,5,6,11,21,5.71,41,24.7
2021,45027,Oshawa,"Brittania Ave. W., EP Taylor Stables",A,8717,2,3,5,7,12,27,6.22,78,32.2
2020,45027,Oshawa,"Brittania Ave. W., EP Taylor Stables",A,8700,2,4,5,7,12,22,6.16,43,21
2019,45027,Oshawa,"Brittania Ave. W., EP Taylor Stables",A,8667,2,3,5,7,12,26,6.1,55,27.8
2018,45027,Oshawa,"Brittania Ave. W., EP Taylor Stables",A,7523,2,3,5,7,13,25,6.4,47,27.6
2016,46089,Brampton,"525 Main St. N., Peel Manor",A,8634,2,4,5,8,14,27,6.8,45,24
2015,46089,Brampton,"525 Main St.  N., Peel Manor",A,8711,2,4,6,9,18,35,8.4,75,36
2014,46089,Brampton,"525 Main St. N., Peel Manor",A,8675,3,5,7,10,18,35,8.9,85,42
2013,46089,Brampton,"525 Main St. N., Peel Manor",A,8597,2,4,7,10,17,34,8.5,152,32
2012,46089,Brampton,"525 Main St. N., Peel Manor",A,8421,0,2,4,7,13,24,5.7,57,24
2011,46089,Brampton,"525 Main St. N., Peel Manor",A,8537,0,3,4,7,13,24,6,50,24
2010,46089,Brampton,"525 Main St. N., Peel Manor",A,8594,0,2,4,7,14,26,5.8,54,27
2009,46089,Brampton,"525 Main St. N., Peel Manor",A,8618,1,2,4,7,12,23,5.6,37,32
2008,46089,Brampton,"525 Main St. N., Peel Manor",A,8690,1,3,5,8,16,31,6.8,49,36
2007,46089,Brampton,"525 Main St. N., Peel Manor",A,8706,1,3,5,8,17,37,7.4,65,39
2006,46089,Brampton,"525 Main St. N., Peel Manor",A,8689,1,3,5,9,16,33,7.2,51,33
2005,46089,Brampton,"525 Main St. N., Peel Manor",A,8708,1,3,6,10,22,44,8.9,59,48
2004,46089,Brampton,"525 Main St. N., Peel Manor",A,8717,1,3,5,9,18,41,7.7,65,39
2003,46089,Brampton,"525 Main St. N., Peel Manor",A,8675,1,3,6,10,18,39,8.2,64,42
2022,46090,Brampton,109 Mclaughlin Rd. S.,A,8695,2,4,6,8,14,25,7.26,523,72.9
2021,46090,Brampton,109 Mclaughlin Rd. S.,A,8688,2,4,6,8,14,29,7.19,92,33.4
2020,46090,Brampton,109 McLaughlin Rd. S.,A,8749,2,4,5,8,13,25,6.65,65,25.2
2019,46090,Brampton,109 McLaughlin Rd. S.,A,8720,2,3,5,8,14,26,6.8,47,26.1
2018,46090,Brampton,109 McLaughlin Rd. S.,A,8741,2,4,6,9,14,28,7.3,46,31.2
2017,46090,Brampton,109 McLaughlin Rd. S.,A,8732,2,4,6,8,13,26,7,55,25
2022,46108,Mississauga,"3359 Mississauga Rd. N., U Of T Campus",A,8682,2,4,6,9,15,27,7.28,106,35.8
2021,46108,Mississauga,"3359 Mississauga Rd. N., U of T Campus",A,8373,1,3,6,10,16,30,7.64,77,40.1
2020,46108,Mississauga,"3359 Mississauga Rd. N., U of T Campus",A,8748,1,3,5,8,14,25,6.59,44,28.7
2019,46108,Mississauga,"3359 Mississauga Rd. N., U of T Campus",A,8697,1,3,5,9,15,26,7,47,28.8
2018,46108,Mississauga,"3359 Mississauga Rd. N., U of T Campus",A,8707,1,3,6,9,15,26,7.3,42,28.1
2017,46108,Mississauga,"3359 Mississauga Rd. N., U of T Campus",A,8711,1,3,6,9,14,25,6.8,44,25
2016,46108,Mississauga,"3359 Mississauga Rd. N., U Of T Campus",A,8716,2,4,6,9,14,26,7.2,47,24
2015,46108,Mississauga,"3359 Mississauga Rd. N., U of T Campus",A,8595,3,4,6,10,17,33,8.5,56,36
2014,46108,Mississauga,"3359 Mississauga Rd. N., U Of T Campus",A,8715,3,5,7,10,16,34,8.7,62,40
2013,46108,Mississauga,"3359 Mississauga Rd. N., U Of T Campus",A,8578,2,4,6,9,16,33,7.9,105,33
2012,46108,Mississauga,"3359 Mississauga Rd. N., U Of T Campus",A,8572,1,3,5,7,13,23,6,40,21
2011,46108,Mississauga,"3359 Mississauga Rd. N., U Of T Campus",A,8487,1,3,5,8,13,23,6,37,21
2010,46108,Mississauga,"3359 Mississauga Rd. N., U Of T Campus",A,8566,0,2,4,7,14,26,6.1,45,26
2009,46108,Mississauga,"3359 Mississauga Rd. N., U Of T Campus",A,8538,1,3,5,7,12,23,5.8,41,33
2008,46108,Mississauga,"3359 Mississauga Rd. N., U Of T Campus",A,8449,1,3,5,8,16,30,7.1,48,40
2007,46109,Mississauga,Frank McKechnie Comm. Centre,A,8701,1,3,5,8,17,36,7.2,55,34
2006,46109,Mississauga,Frank McKechnie Comm. Centre,A,8713,1,3,5,9,17,34,7.6,53,34
2005,46109,Mississauga,Frank McKechnie Comm. Centre,A,8636,1,3,6,10,22,45,9.2,78,47
2004,46109,Mississauga,Frank McKechnie Comm. Centre,A,5636,1,3,6,10,22,44,9.1,67,40
2003,46110,Mississauga,Mississauga General Hospital,A,8347,2,4,6,9,17,39,7.9,67,45
2022,47045,Barrie,83 Perry St.,A,8399,2,3,5,8,13,24,6.43,43,24
2021,47045,Barrie,83 Perry St.,A,8447,2,3,5,8,13,30,6.88,129,45.5
2020,47045,Barrie,83 Perry St.,A,8363,2,3,5,8,14,27,6.75,45,29.4
2019,47045,Barrie,83 Perry St.,A,8510,2,3,5,9,16,30,7.5,51,33.9
2018,47045,Barrie,83 Perry St.,A,8551,2,3,6,10,16,29,7.7,59,32.2
2017,47045,Barrie,83 Perry St.,A,8512,1,3,5,9,15,28,7,60,32
2016,47045,Barrie,83 Perry St.,A,8731,2,3,5,8,13,27,6.5,55,26
2015,47045,Barrie,83 Perry St.,A,8710,2,4,6,9,16,29,7.6,58,31
2014,47045,Barrie,83 Perry St.,A,8715,2,4,6,9,16,29,7.6,50,29
2013,47045,Barrie,83 Perry St.,A,8546,2,4,6,9,15,31,7.5,88,29
2012,47045,Barrie,83 Perry St.,A,8658,0,2,4,7,12,23,5.6,79,28
2011,47045,Barrie,83 Perry St.,A,8616,1,2,4,7,13,23,5.7,49,26
2010,47045,Barrie,83 Perry St.,A,8696,0,2,4,7,13,25,5.4,58,26
2009,47045,Barrie,83 Perry St.,A,8692,0,2,4,6,12,22,5.2,44,32
2008,47045,Barrie,83 Perry St.,A,8704,1,2,4,7,14,28,6.1,45,26
2007,47045,Barrie,83 Perry St.,A,8714,1,2,4,8,16,38,6.9,58,40
2006,47045,Barrie,83 Perry St.,A,8692,0,2,5,8,16,30,6.7,50,31
2005,47045,Barrie,83 Perry St.,A,8721,1,3,5,9,20,44,8.1,68,44
2004,47045,Barrie,83 Perry St.,A,8753,1,2,4,7,17,40,6.9,55,41
2003,47045,Barrie,83 Perry St.,A,8476,1,3,5,9,17,36,7.5,61,39
2022,48006,Newmarket,Eagle St. W./Mccaffrey Rd.,A,8734,1,3,5,8,12,22,6.25,56,21.5
2021,48006,Newmarket,Eagle St. W./Mccaffrey Rd.,A,8751,2,3,5,8,13,26,6.47,65,30.1
2020,48006,Newmarket,Eagle St. W./McCaffrey Rd.,A,8747,2,3,5,7,12,22,5.94,47,25.8
2019,48006,Newmarket,Eagle St. W./McCaffrey Rd.,A,8682,1,2,4,7,13,25,5.9,43,25.5
2018,48006,Newmarket,Eagle St. W./McCaffrey Rd.,A,8721,2,3,5,8,13,25,6.4,49,31.9
2017,48006,Newmarket,Eagle St. W./McCaffrey Rd.,A,8745,1,3,5,7,13,23,5.9,43,22
2016,48006,Newmarket,Eagle St. W./McCaffrey Rd.,A,8769,1,3,4,7,13,24,6,41,23
2015,48006,Newmarket,Eagle St. W./McCaffrey Rd.,A,8714,1,3,5,8,16,30,7.1,48,33
2014,48006,Newmarket,Eagle St. W./McCaffrey Rd.,A,8711,1,3,6,9,15,30,7.3,59,30
2013,48006,Newmarket,Eagle St. W./McCaffrey Rd.,A,8724,1,3,6,9,15,31,7.3,47,32
2012,48006,Newmarket,Eagle St. W./McCaffrey Rd.,A,8708,0,2,4,7,12,23,5.6,39,22
2011,48006,Newmarket,Eagle St. W./McCaffrey Rd.,A,8717,0,2,4,7,13,24,5.5,52,23
2010,48006,Newmarket,Eagle St. W./McCaffrey Rd.,A,8293,0,2,4,7,13,26,5.6,34,27
2009,48006,Newmarket,Eagle St. W./McCaffrey Rd.,A,7957,0,2,4,6,11,22,5.1,41,34
2008,48006,Newmarket,Eagle St. W./McCaffrey Rd.,A,8702,1,2,4,7,14,28,6,46,25
2007,48006,Newmarket,Eagle St. W./McCaffrey Rd.,A,8735,1,2,4,7,16,37,6.6,54,38
2006,48006,Newmarket,Eagle St. W./McCaffrey Rd.,A,8707,0,2,4,8,15,30,6.4,53,31
2005,48006,Newmarket,Eagle St. W./McCaffrey Rd.,A,8736,0,2,4,8,20,42,7.7,65,42
2004,48006,Newmarket,Eagle St. W./McCaffrey Rd.,A,8767,0,2,4,7,16,40,6.4,59,39
2003,48006,Newmarket,Eagle St. W./McCaffrey Rd.,A,8590,1,3,5,8,16,38,7.3,59,41
2022,49005,Parry Sound,7 Bay St.,A,8668,1,2,4,6,10,18,4.67,33,17.4
2021,49005,Parry Sound,7 Bay St.,A,8750,1,2,4,6,11,21,4.98,49,27.7
2020,49005,Parry Sound,7 Bay St.,A,8673,1,2,3,6,10,19,4.39,29,18.3
2019,49005,Parry Sound,7 Bay St.,A,8612,1,2,3,5,9,21,4.4,51,21.1
2018,49005,Parry Sound,7 Bay St.,A,8583,1,2,4,6,11,21,5,115,25
2017,49005,Parry Sound,7 Bay St.,A,8734,1,2,3,5,10,19,4.6,37,20
2016,49005,Parry Sound,7 Bay St.,A,8616,1,2,4,5,10,18,4.8,37,16
2015,49005,Parry Sound,7 Bay St.,A,8617,2,3,4,7,12,22,5.7,41,23
2014,49005,Parry Sound,7 Bay St.,A,8416,2,3,5,7,11,20,5.8,43,25
2013,49005,Parry Sound,7 Bay St.,A,8486,2,3,4,6,12,24,5.8,52,22
2012,49005,Parry Sound,7 Bay St.,A,8747,0,2,3,6,11,22,4.8,86,36
2011,49005,Parry Sound,7 Bay St.,A,8685,0,2,3,6,11,22,4.7,49,24
2010,49005,Parry Sound,7 Bay St.,A,8694,0,1,3,5,11,22,4.4,35,25
2009,49005,Parry Sound,7 Bay St.,A,8659,0,2,3,5,9,16,3.9,29,15
2008,49005,Parry Sound,7 Bay St.,A,8598,0,2,3,5,11,24,4.7,40,22
2007,49005,Parry Sound,7 Bay St.,A,8693,0,2,3,6,13,33,5.5,50,37
2006,49005,Parry Sound,7 Bay St.,A,8701,0,2,3,6,12,25,5.3,38,26
2005,49005,Parry Sound,7 Bay St.,A,8679,0,1,3,6,16,39,6.1,67,50
2004,49005,Parry Sound,7 Bay St.,A,8773,0,1,3,5,14,32,5.3,45,32
2022,49010,Dorset,1026 Bellwood Acres Rd.,A,8682,1,2,3,5,9,17,4.47,28,16.4
2021,49010,Dorset,1026 Bellwood Acres Rd.,A,8720,1,2,3,6,11,22,4.72,78,37.1
2020,49010,Dorset,1026 Bellwood Acres Rd.,A,8622,1,2,3,5,9,17,4.49,39,16.1
2019,49010,Dorset,1026 Bellwood Acres Rd.,A,8689,1,2,3,5,9,18,4.1,34,19.8
2018,49010,Dorset,1026 Bellwood Acres Rd.,A,8506,2,2,4,6,10,19,4.9,38,21
2017,49010,Dorset,1026 Bellwood Acres Rd.,A,8531,1,2,4,6,9,16,4.6,29,18
2016,49010,Dorset,1026 Bellwood Acres Rd.,A,8543,1,2,4,6,9,17,4.6,35,15
2015,49010,Dorset,1026 Bellwood Acres Rd.,A,8586,2,3,4,7,11,20,5.6,38,21
2014,49010,Dorset,1026 Bellwood Acres Rd.,A,8618,1,3,4,6,11,20,5.3,41,20
2013,49010,Dorset,1026 Bellwood Acres Rd.,A,8685,1,3,4,6,11,23,5.4,65,23
2012,49010,Dorset,1026 Bellwood Acres Rd.,A,8707,0,1,3,5,10,19,4.1,36,18
2011,49010,Dorset,1026 Bellwood Acres Rd.,A,8662,0,2,3,5,10,20,4.1,45,22
2010,49010,Dorset,1026 Bellwood Acres Rd.,A,8598,0,1,3,5,10,20,4,66,22
2009,49010,Dorset,1026 Bellwood Acres Rd.,A,8609,0,1,2,4,8,18,3.6,42,27
2008,49010,Dorset,1026 Bellwood Acres Rd.,A,8421,0,2,3,5,10,23,4.5,40,19
2007,49010,Dorset,1026 Bellwood Acres Rd.,A,8656,0,1,3,5,12,31,5,48,33
2006,49010,Dorset,1026 Bellwood Acres Rd.,A,8602,0,1,3,5,11,23,4.5,38,25
2005,49010,Dorset,1026 Bellwood Acres Rd.,A,8426,0,2,3,6,15,36,5.8,71,43
2004,49010,Dorset,1026 Bellwood Acres Rd.,A,8492,0,1,2,4,12,35,4.7,53,38
2003,49010,Dorset,1026 Bellwood Acres Rd.,A,7117,0,2,4,7,13,29,5.9,49,33
2022,51001,Ottawa Downtown,Rideau St./Wurtemburg St.,A,8752,2,3,5,7,11,20,5.91,40,24
2021,51001,Ottawa Downtown,Rideau St./Wurtemburg St.,A,8657,2,3,5,7,12,24,6.26,54,33.7
2020,51001,Ottawa Downtown,Rideau St./Wurtemburg St.,A,8726,2,3,5,7,12,24,6.04,41,27.3
2019,51001,Ottawa Downtown,Rideau St./Wurtemburg St.,A,8517,2,3,5,7,12,23,5.9,39,28.8
2018,51001,Ottawa Downtown,Rideau St./Wurtemburg St.,A,8682,2,3,5,7,11,22,5.9,37,27
2017,51001,Ottawa Downtown,Rideau St./Wurtemburg St.,A,8727,2,3,5,7,11,21,5.9,42,28
2016,51001,Ottawa Downtown,Rideau St./Wurtemburg St.,A,8661,2,3,5,7,12,23,5.9,37,27
2015,51001,Ottawa Downtown,Rideau St./Wurtemburg St.,A,8706,2,4,5,8,13,29,6.9,65,33
2014,51001,Ottawa Downtown,Rideau St./Wurtemburg St.,A,8622,2,4,6,8,14,27,7,80,27
2013,51001,Ottawa Downtown,Rideau St./Wurtemburg St.,A,8561,2,3,5,8,14,31,7,50,42
2012,51001,Ottawa Downtown,Rideau St./Wurtemburg St.,A,8604,0,2,4,6,11,21,4.8,95,22
2011,51001,Ottawa Downtown,Rideau St./Wurtemburg St.,A,8640,0,2,4,6,11,21,4.9,40,22
2010,51001,Ottawa Downtown,Rideau St./Wurtemburg St.,A,8691,0,1,3,5,11,22,4.5,117,45
2009,51001,Ottawa Downtown,Rideau St./Wurtemburg St.,A,8582,0,2,3,6,11,21,4.6,79,26
2008,51001,Ottawa Downtown,Rideau St./Wurtemburg St.,A,8665,0,2,4,6,12,23,5.3,44,27
2007,51001,Ottawa Downtown,Rideau St./Wurtemburg St.,A,8617,0,2,4,7,14,33,6,57,37
2006,51001,Ottawa Downtown,Rideau St./Wurtemburg St.,A,8639,1,2,4,7,14,27,6.1,53,34
2005,51001,Ottawa Downtown,Rideau St./Wurtemburg St.,A,8471,1,2,5,8,18,46,7.7,66,47
2004,51001,Ottawa Downtown,Rideau St./Wurtemburg St.,A,8110,1,2,4,8,15,33,6.5,54,42
2003,51001,Ottawa Downtown,Rideau St./Wurtemburg St.,A,8128,1,3,5,8,17,33,7.2,60,41
2017,51002,Ottawa Central,960 Carling Ave.,A,8723,2,3,5,7,11,22,5.8,69,27
2016,51002,Ottawa Central,960 Carling Ave.,A,8502,2,3,4,7,12,22,5.6,41,28
2015,51002,Ottawa Central,960 Carling Ave.,A,8621,2,4,5,8,13,25,6.9,46,33
2014,51002,Ottawa Central,960 Carling Ave.,A,8441,2,4,5,8,13,28,6.8,45,27
2013,51002,Ottawa Central,960 Carling Ave.,A,8646,2,4,5,8,14,31,7.1,57,47
2012,51002,Ottawa Central,960 Carling Ave.,A,8680,0,2,4,6,11,20,5,32,22
2011,51002,Ottawa Central,960 Carling Ave.,A,8655,0,2,3,6,10,18,4.5,51,20
2010,51002,Ottawa Central,960 Carling Ave.,A,8700,0,1,3,5,10,22,4.3,122,46
2009,51002,Ottawa Central,960 Carling Ave.,A,8621,0,2,3,5,10,20,4.4,43,26
2008,51002,Ottawa Central,960 Carling Ave.,A,8701,0,2,4,6,12,22,5.1,40,26
2007,51002,Ottawa Central,960 Carling Ave.,A,8344,0,2,4,6,13,30,5.8,51,34
2021,51010,Petawawa,Petawawa Research Forest Facility,A,8620,2,2,3,5,8,20,4.32,41,30.2
2020,51010,Petawawa,Petawawa Research Forest Facility,A,8556,1,2,3,5,8,13,4.15,22,12.2
2019,51010,Petawawa,Petawawa Research Forest Facility,A,8623,1,2,3,5,7,14,3.8,29,13.6
2018,51010,Petawawa,Petawawa Research Forest Facility,A,8557,1,2,3,4,7,14,3.6,28,22
2017,51010,Petawawa,Petawawa Research Forest Facility,A,8471,1,2,3,5,8,14,4.1,23,14
2016,51010,Petawawa,Petawawa Research Forest Facility,A,8746,2,2,3,5,8,15,4.4,35,20
2015,51010,Petawawa,Petawawa Research Forest Facility,A,8525,2,3,4,6,9,16,4.8,28,15
2014,51010,Petawawa,Petawawa Research Forest Facility,A,8700,2,3,4,5,9,16,4.7,34,17
2013,51010,Petawawa,Petawawa Research Forest Facility,A,8629,2,3,4,5,9,19,4.8,50,24
2012,51010,Petawawa,Petawawa Research Forest Facility,A,8691,0,1,2,4,9,17,3.6,28,17
2011,51010,Petawawa,Petawawa Research Forest Facility,A,8618,0,1,3,4,8,14,3.4,45,14
2010,51010,Petawawa,Petawawa Research Forest Facility,A,8725,0,1,2,4,8,17,3.2,38,18
2009,51010,Petawawa,Petawawa Research Forest Facility,A,8733,0,1,2,4,7,15,3.1,33,26
2008,51010,Petawawa,Petawawa Research Forest Facility,A,8710,0,1,3,4,9,19,3.9,27,19
2007,51010,Petawawa,Petawawa Research Forest Facility,A,8607,0,1,2,4,9,26,4,49,35
2006,52020,Kingston,133 Dalton St.,A,7011,1,3,5,8,16,33,7,56,33
2004,52020,Kingston,133 Dalton St.,A,8712,1,3,5,9,18,37,7.6,58,42
2003,52020,Kingston,133 Dalton St.,A,6964,1,4,6,10,19,43,8.7,99,55
2013,52022,Kingston,752 King St. W.,A,8401,2,4,5,7,12,26,6.5,75,50
2012,52022,Kingston,752 King St. W.,A,8578,1,3,5,8,15,27,6.8,44,24
2011,52022,Kingston,752 King St. W.,A,8559,1,3,5,8,15,31,6.9,49,37
2010,52022,Kingston,752 King St. W.,A,8511,1,3,4,7,15,36,6.5,46,37
2009,52022,Kingston,752 King St. W.,A,8445,1,3,5,8,13,27,6.4,49,40
2008,52022,Kingston,752 King St. W.,A,8628,1,3,5,8,16,31,7,54,34
2007,52022,Kingston,752 King St. W.,A,8723,1,3,5,8,18,44,7.5,57,45
2022,52023,Kingston,23 Beechgrove Lane,A,8718,1,3,5,7,10,18,5.36,41,17.6
2021,52023,Kingston,23 Beechgrove Lane,A,8701,1,3,5,8,13,27,6.45,74,35.1
2020,52023,Kingston,23 Beechgrove Lane,A,8587,2,3,4,7,11,21,5.59,32,17.4
2019,52023,Kingston,23 Beechgrove Lane,A,8735,1,3,4,6,11,22,5.4,59,25.7
2018,52023,Kingston,23 Beechgrove Lane,A,8714,1,2,4,7,12,22,5.6,37,26.3
2017,52023,Kingston,23 Beechgrove Lane,A,8616,1,3,4,6,11,18,5.3,38,19
2016,52023,Kingston,23 Beechgrove Lane,A,8680,2,3,5,7,11,19,5.8,28,19
2015,52023,Kingston,23 Beechgrove Lane,A,8714,2,4,5,7,13,21,6.3,39,18
2014,52023,Kingston,23 Beechgrove Lane,A,8675,2,4,5,8,13,24,6.8,52,30
2022,54012,Belleville,"2 Sidney St., Water Treatment Plant",A,8741,2,3,4,6,11,19,5.49,50,19.9
2021,54012,Belleville,"2 Sidney St., Water Treatment Plant",A,8549,2,3,5,7,11,23,5.96,65,37.7
2020,54012,Belleville,"2 Sidney St., Water Treatment Plant",A,8578,2,3,5,8,13,23,6.3,34,21.6
2019,54012,Belleville,"2 Sidney St., Water Treatment Plant",A,8586,2,3,4,7,13,25,6.1,45,30.6
2018,54012,Belleville,"2 Sidney St., Water Treatment Plant",A,8699,2,3,5,8,13,24,6.4,40,24.5
2017,54012,Belleville,"2 Sidney St., Water Treatment Plant",A,8614,2,3,4,7,12,20,5.8,39,20
2016,54012,Belleville,"2 Sidney St., Water Treatment Plant",A,8719,2,3,4,6,11,20,5.5,36,20
2015,54012,Belleville,"2 Sidney St., Water Treatment Plant",A,8367,2,3,5,8,14,23,6.6,41,22
2014,54012,Belleville,"2 Sidney St., Water Treatment Plant",A,8722,2,4,6,8,13,24,6.8,43,23
2013,54012,Belleville,"2 Sidney St., Water Treatment Plant",A,8693,2,4,5,8,14,27,6.9,79,40
2012,54012,Belleville,"2 Sidney St., Water Treatment Plant",A,8358,0,2,4,7,11,20,5.1,44,19
2011,54012,Belleville,"2 Sidney St., Water Treatment Plant",A,8696,0,2,4,6,11,21,4.8,46,19
2010,54012,Belleville,"2 Sidney St., Water Treatment Plant",A,7708,0,2,3,5,10,20,4.3,30,25
2009,54012,Belleville,"2 Sidney St., Water Treatment Plant",A,8654,1,2,4,6,11,21,4.9,36,31
2008,54012,Belleville,"2 Sidney St., Water Treatment Plant",A,8721,1,3,5,7,14,26,6.1,49,27
2007,54012,Belleville,"2 Sidney St., Water Treatment Plant",A,8703,1,2,4,7,14,37,6.2,52,39
2006,54012,Belleville,"2 Sidney St., Water Treatment Plant",A,8688,1,2,4,7,14,31,6.2,51,34
2005,54012,Belleville,"2 Sidney St., Water Treatment Plant",A,8670,0,2,4,7,18,41,7,65,39
2004,54012,Belleville,"2 Sidney St., Water Treatment Plant",A,8739,1,2,4,7,15,37,6.4,54,37
2003,54012,Belleville,"2 Sidney St., Water Treatment Plant",A,8658,1,3,5,8,15,34,6.9,57,42
2014,56010,Morrisburg,"County Rd. 2, Morrisburg Water Tower",A,8633,2,4,6,8,13,25,7,56,33
2013,56010,Morrisburg,"County Rd. 2, Morrisburg Water Tower",A,8565,2,4,5,7,13,26,6.7,91,55
2012,56010,Morrisburg,"County Rd. 2, Morrisburg Water Tower",A,8733,1,2,4,6,11,20,5,32,20
2011,56010,Morrisburg,"County Rd. 2, Morrisburg Water Tower",A,8716,1,2,4,6,11,22,5.2,35,22
2010,56010,Morrisburg,"County Rd. 2, Morrisburg Water Tower",A,8687,0,2,3,6,12,29,5.3,133,58
2009,56010,Morrisburg,"County Rd. 2, Morrisburg Water Tower",A,8614,1,2,4,6,11,19,5,40,25
2008,56010,Morrisburg,"County Rd. 2, Morrisburg Water Tower",A,8689,0,2,4,7,13,24,5.7,40,27
2007,56010,Morrisburg,"County Rd. 2, Morrisburg Water Tower",A,8698,1,2,4,7,14,35,6.2,52,40
2006,56010,Morrisburg,"County Rd. 2, Morrisburg Water Tower",A,8609,1,3,4,8,16,33,6.8,56,37
2005,56010,Morrisburg,"County Rd. 2, Morrisburg Water Tower",A,8697,0,2,4,8,18,43,7,59,39
2022,56051,Cornwall,Bedford St./3rd St. W.,A,8726,2,3,5,8,13,25,6.4,49,28.1
2021,56051,Cornwall,Bedford St./3rd St. W.,A,8570,2,3,5,7,13,30,6.53,66,32.6
2020,56051,Cornwall,Bedford St./3rd St. W.,A,8731,2,4,5,7,11,22,6.03,42,23.8
2019,56051,Cornwall,Bedford St./3rd St. W.,A,8702,2,3,5,7,11,23,5.9,67,25.3
2018,56051,Cornwall,Bedford St./3rd St. W.,A,8709,2,3,5,7,13,23,6.3,47,22.1
2017,56051,Cornwall,Bedford St./3rd St. W.,A,8486,1,3,5,7,12,24,5.9,47,26
2016,56051,Cornwall,Bedford St./3rd St. W.,A,8720,2,4,5,7,12,25,6.4,55,31
2015,56051,Cornwall,Bedford St./3rd St. W.,A,8607,2,4,6,8,13,26,6.9,63,27
2014,56051,Cornwall,Bedford St./3rd St. W.,A,8699,2,4,6,8,13,26,7,58,31
2013,56051,Cornwall,Bedford St./3rd St. W.,A,8580,2,4,6,9,15,28,7.7,70,55
2012,56051,Cornwall,Bedford St./3rd St. W.,A,8641,0,2,4,7,12,25,5.4,57,27
2011,56051,Cornwall,Bedford St./3rd St. W.,A,8713,1,3,4,7,12,23,5.7,43,24
2010,56051,Cornwall,Bedford St./3rd St. W.,A,8695,0,2,4,6,13,30,5.7,136,57
2009,56051,Cornwall,Bedford St./3rd St. W.,A,8666,1,2,4,7,11,25,5.4,49,37
2008,56051,Cornwall,Bedford St./3rd St. W.,A,8718,1,3,4,7,14,27,6.1,48,34
2007,56051,Cornwall,Bedford St./3rd St. W.,A,8687,1,2,4,7,15,33,6.4,52,38
2006,56051,Cornwall,Bedford St./3rd St. W.,A,8675,1,3,4,7,15,30,6.5,52,34
2005,56051,Cornwall,Bedford St./3rd St. W.,A,8723,0,2,5,8,19,44,7.6,76,46
2004,56051,Cornwall,Bedford St./3rd St. W.,A,8727,0,2,5,8,16,34,6.8,60,37
2022,59006,Peterborough,10 Hospital Dr.,A,8601,1,3,5,8,14,26,6.64,45,27.1
2021,59006,Peterborough,10 Hospital Dr.,A,8738,1,2,4,8,15,31,6.45,67,28.6
2020,59006,Peterborough,10 Hospital Dr.,A,8386,1,2,4,7,13,23,5.6,48,18.6
2019,59006,Peterborough,10 Hospital Dr.,A,8730,1,3,4,7,13,25,6,48,28
2018,59006,Peterborough,10 Hospital Dr.,A,8688,1,3,5,7,14,26,6.3,40,27.2
2017,59006,Peterborough,10 Hospital Dr.,A,8726,1,3,4,7,12,23,5.8,44,22
2016,59006,Peterborough,10 Hospital Dr.,A,8508,1,3,5,7,12,22,5.8,38,21
2015,59006,Peterborough,10 Hospital Dr.,A,8678,2,4,5,8,14,26,6.8,56,26
2014,59006,Peterborough,10 Hospital Dr.,A,8637,2,4,5,8,14,24,6.9,61,29
2013,59006,Peterborough,10 Hospital Dr.,A,8617,2,4,6,9,15,31,7.4,77,36
2012,59006,Peterborough,10 Hospital Dr.,A,8615,0,2,4,6,11,20,4.9,50,21
2011,59006,Peterborough,10 Hospital Dr.,A,8677,1,2,4,7,12,23,5.5,48,23
2010,59006,Peterborough,10 Hospital Dr.,A,8692,0,2,3,6,12,26,5.1,49,26
2009,59006,Peterborough,10 Hospital Dr.,A,8646,0,2,4,6,11,20,4.9,31,15
2008,59006,Peterborough,10 Hospital Dr.,A,8695,1,3,4,7,14,26,6,42,24
2007,59006,Peterborough,10 Hospital Dr.,A,8690,1,2,4,7,15,38,6.4,53,39
2006,59006,Peterborough,10 Hospital Dr.,A,8677,1,2,4,7,15,32,6.3,53,36
2005,59006,Peterborough,10 Hospital Dr.,A,8680,0,2,4,8,19,45,7.5,70,50
2004,59006,Peterborough,10 Hospital Dr.,A,8695,0,2,3,6,15,40,5.9,55,39
2003,59006,Peterborough,10 Hospital Dr.,A,8608,1,3,5,8,15,35,6.7,60,42
2003,63200,Thunder Bay,"615 James St. S., MTO",A,8208,1,3,4,7,13,28,6.1,55,32
2022,63203,Thunder Bay,421 James St. S.,A,8748,2,3,4,6,9,15,5.03,30,17.5
2021,63203,Thunder Bay,421 James St. S.,A,8736,2,3,5,7,12,41,6.61,127,52.2
2020,63203,Thunder Bay,421 James St. S.,A,8697,2,3,4,6,10,20,5.45,48,15.4
2019,63203,Thunder Bay,421 James St. S.,A,8702,1,3,4,6,10,22,5.1,70,23.8
2018,63203,Thunder Bay,421 James St. S.,A,8637,2,3,5,7,12,24,6,48,25.2
2017,63203,Thunder Bay,421 James St. S.,A,8644,1,3,4,6,10,20,5.1,34,22
2016,63203,Thunder Bay,421 James St. S.,A,8599,2,3,4,6,9,15,4.9,32,13
2015,63203,Thunder Bay,421 James St. S.,A,8744,3,4,5,7,11,23,6.5,91,32
2014,63203,Thunder Bay,421 James St. S.,A,8253,2,3,5,8,13,25,6.6,48,21
2013,63203,Thunder Bay,421 James St. S.,A,8728,2,4,5,7,12,22,6.3,37,21
2012,63203,Thunder Bay,421 James St. S.,A,8381,0,2,3,5,9,15,4.1,30,13
2011,63203,Thunder Bay,421 James St. S.,A,8532,0,2,4,6,10,20,4.8,84,52
2010,63203,Thunder Bay,421 James St. S.,A,8552,0,1,3,5,10,17,4.1,37,15
2009,63203,Thunder Bay,421 James St. S.,A,8652,0,1,3,5,9,17,3.8,30,18
2008,63203,Thunder Bay,421 James St. S.,A,8724,0,2,3,5,9,21,4.2,72,22
2007,63203,Thunder Bay,421 James St. S.,A,8733,0,1,3,5,11,21,4.4,51,25
2006,63203,Thunder Bay,421 James St. S.,A,8695,0,2,3,6,11,22,4.8,46,22
2004,63203,Thunder Bay,421 James St. S.,A,8097,0,1,3,5,10,24,4.2,56,22
2022,71078,Sault Ste. Marie,Sault College,A,8727,1,2,3,5,9,18,4.45,51,16.3
2021,71078,Sault Ste. Marie,Sault College,A,8698,2,3,4,6,11,31,5.75,101,44.8
2020,71078,Sault Ste. Marie,Sault College,A,8749,2,2,3,5,9,16,4.54,43,16.7
2019,71078,Sault Ste. Marie,Sault College,A,8652,1,2,4,5,10,20,4.8,55,18.5
2018,71078,Sault Ste. Marie,Sault College,A,8721,1,3,4,6,12,23,5.5,61,21.2
2017,71078,Sault Ste. Marie,Sault College,A,8718,2,3,4,6,10,18,5,33,16
2016,71078,Sault Ste. Marie,Sault College,A,8708,2,3,4,6,10,19,4.9,58,16
2015,71078,Sault Ste. Marie,Sault College,A,8385,2,3,5,7,12,21,5.9,45,17
2014,71078,Sault Ste. Marie,Sault College,A,8624,2,3,5,7,12,21,6,51,17
2013,71078,Sault Ste. Marie,Sault College,A,8682,2,3,4,6,11,20,5.6,47,18
2012,71078,Sault Ste. Marie,Sault College,A,8213,0,1,3,5,10,21,4.4,86,27
2011,71078,Sault Ste. Marie,Sault College,A,8633,0,2,3,5,10,21,4.4,46,29
2010,71078,Sault Ste. Marie,Sault College,A,8670,0,1,3,5,10,19,4.1,39,16
2009,71078,Sault Ste. Marie,Sault College,A,8639,0,1,3,5,9,20,4,59,25
2008,71078,Sault Ste. Marie,Sault College,A,8707,0,2,3,5,10,20,4.4,41,20
2007,71078,Sault Ste. Marie,Sault College,A,8487,0,2,3,6,13,30,5.3,50,33
2006,71078,Sault Ste. Marie,Sault College,A,8714,0,2,3,6,12,25,5.2,51,30
2005,71078,Sault Ste. Marie,Sault College,A,8729,0,1,3,6,14,35,5.4,107,46
2004,71078,Sault Ste. Marie,Sault College,A,8719,0,1,2,5,12,29,4.5,131,34
2022,75010,North Bay,"Chippewa St. W., Dept. National Defence",A,8691,2,3,4,6,10,18,5.06,34,15.8
2021,75010,North Bay,"Chippewa St. W., Dept. National Defence",A,8743,2,3,4,6,11,25,5.66,91,37
2020,75010,North Bay,"Chippewa St. W., Dept. National Defence",A,8744,1,2,4,5,9,17,4.57,34,17.6
2019,75010,North Bay,"Chippewa St. W., Dept. National Defence",A,8711,1,2,4,5,9,17,4.5,59,18.7
2018,75010,North Bay,"Chippewa St. W., Dept. National Defence",A,8681,1,2,4,6,11,27,5.5,198,52.5
2017,75010,North Bay,"Chippewa St. W., Dept. National Defence",A,8721,2,3,4,5,9,15,4.6,31,13
2016,75010,North Bay,"Chippewa St. W., Dept. National Defence",A,8761,1,2,4,5,9,17,4.6,28,17
2015,75010,North Bay,"Chippewa St. W., Dept. National Defence",A,8613,2,3,4,6,11,19,5.3,46,17
2014,75010,North Bay,"Chippewa St. W., Dept. National Defence",A,8616,2,3,4,6,10,20,5.3,43,18
2013,75010,North Bay,"Chippewa St. W., Dept. National Defence",A,8536,2,3,4,6,10,19,5.2,38,16
2012,75010,North Bay,"Chippewa St. W., Dept. National Defence",A,8726,0,2,3,5,10,18,4.1,42,19
2011,75010,North Bay,"Chippewa St. W., Dept. National Defence",A,8702,0,2,3,5,9,19,4.2,54,24
2010,75010,North Bay,"Chippewa St. W., Dept. National Defence",A,8716,0,1,3,4,9,19,3.8,31,18
2009,75010,North Bay,"Chippewa St. W., Dept. National Defence",A,8711,0,1,3,5,9,16,3.8,30,25
2008,75010,North Bay,"Chippewa St. W., Dept. National Defence",A,8737,0,2,3,5,10,22,4.6,59,23
2007,75010,North Bay,"Chippewa St. W., Dept. National Defence",A,8679,0,2,3,5,12,31,5,46,30
2006,75010,North Bay,"Chippewa St. W., Dept. National Defence",A,8669,0,2,3,6,11,25,4.9,43,30
2005,75010,North Bay,"Chippewa St. W., Dept. National Defence",A,8690,0,1,3,6,14,38,5.6,67,43
2004,75010,North Bay,"Chippewa St. W., Dept. National Defence",A,8653,0,1,2,5,12,29,4.5,40,33
2003,75010,North Bay,"Chippewa St. W., Dept. National Defence",A,8458,1,2,4,6,12,26,5.5,51,31
2012,77219,Sudbury,1222 Ramsey Lake Rd.,A,8754,0,1,3,5,9,19,4,50,33
2011,77219,Sudbury,1222 Ramsey Lake Rd.,A,8712,0,2,3,5,9,19,4,38,22
2010,77219,Sudbury,1222 Ramsey Lake Rd.,A,8728,0,1,2,4,9,18,3.6,31,16
2009,77219,Sudbury,1222 Ramsey Lake Rd.,A,8598,0,1,2,4,8,15,3.4,27,13
2008,77219,Sudbury,1222 Ramsey Lake Rd.,A,8561,0,2,3,5,9,21,4.1,42,23
2007,77219,Sudbury,1222 Ramsey Lake Rd.,A,8465,0,2,3,5,12,31,4.9,46,32
2006,77219,Sudbury,1222 Ramsey Lake Rd.,A,8680,0,2,3,5,11,23,4.6,36,27
2005,77219,Sudbury,1222 Ramsey Lake Rd.,A,8571,0,1,3,5,13,36,5.1,69,40
2004,77219,Sudbury,1222 Ramsey Lake Rd.,A,4455,0,1,2,4,13,26,4.3,44,25
2022,77233,Sudbury,155 Elm St.,A,8707,1,3,4,6,11,21,5.23,45,19
2021,77233,Sudbury,155 Elm St.,A,8694,2,3,4,6,11,28,5.79,163,48.8
2020,77233,Sudbury,155 Elm St.,A,8730,2,3,4,6,10,20,5.1,41,19.8
2019,77233,Sudbury,155 Elm St.,A,8706,1,2,4,6,10,22,5,75,22
2018,77233,Sudbury,155 Elm St.,A,8673,1,2,4,6,11,22,5.4,95,23.1
2017,77233,Sudbury,155 Elm St.,A,8335,1,3,4,6,10,19,5,39,15
2016,77233,Sudbury,155 Elm Street,A,8731,2,3,4,6,11,21,5.4,64,17
2015,77233,Sudbury,155 Elm St.,A,8730,2,3,5,7,13,23,6.3,47,17
2014,77233,Sudbury,155 Elm Street,A,8693,2,3,5,7,12,22,6,60,24
2013,77233,Sudbury,155 Elm Street,A,8665,2,3,4,6,12,23,5.7,50,24
